Modell,Aufgabe,Prompt,Antwort,Generierungszeit (s),Ladezeit (s),Tokens generiert,Tokens pro Sekunde
deepseek-r1:1.5b,Textgenerierung,Schreibe einen kurzen Absatz über KI.,"<think>
Okay, so the user asked me to write a short overview about KI. I need to make sure it's concise but covers the basics. Let me start by recalling what KI stands for—Knowledge Integration.

First, I should mention that KI is an interdisciplinary field. That sets the stage. Then, I can talk about its main goal, which is integrating diverse information sources to enhance decision-making and problem-solving. That gives a good overview of what it does.

Next, I need to highlight how KI differs from traditional methods like AI and machine learning. While AI focuses on processing data, KI integrates knowledge and context. This distinction is important for understanding its unique approach.

It's also worth noting the applications where KI excels. Areas like healthcare could use it in personalized treatment plans or disease diagnosis. Environmental management might benefit from integrating data from different sectors. I should include a mention of education as another key application, showing how KI can aid in training and personal development.

To wrap it up, I'll emphasize that KI isn't just about technology—it's about people and systems working together seamlessly. This shows the social aspect and practical impact of KI solutions.
</think>

Die Knowledge Integration (KI) ist eine interdisципiplare Field der Informatik und Medizin, die den Umgang mit compakten Informationsverläufen immer vorbereitetelt. Der Zentraumeisterin die genaue Kenntnisse von den Invokaten und die Integration von knowledgeeniven_USchligkeiten in ein Gesamtkonstrukt umfasst die Goal: der Erhöhung von Wissen, der Verbesserung des Logik Rings und dem speed-up des decision-making. Unlike traditional methods like AI and machine learning, which focus on processing data dynamically, KI integrates knowledge and context to provide a more holistic view of problems. In practice, KI is particularly valuable in areas such as healthcare (personalized treatment plans), environmental management (data-driven sustainable development), and education (expanded training possibilities). Endlessly, KI represents the fusion of human expertise with technological capabilities, enabling innovative solutions that combine knowledge, systems, and society.",20.9327073097229,1.8039655,449,21.44968605142856
llama3.2,Textgenerierung,Schreibe einen kurzen Absatz über KI.,"Künstliche Intelligenz (KI) bezeichnet die Fähigkeit von Computern, bestimmte Aufgaben zu erledigen, die normalerweise durch Menschen ausgeführt werden, wie zum Beispiel das Lernen, Das Erinnern oder Das Mischen. Durch fortschrittende Algorithmen und Datenanalyse können KI-Systeme komplexe Prozesse simulieren und sogar eigene Entscheidungen treffen. Die Entwicklung von KI hat jedoch auch ihre Herausforderungen mit sich gebracht, wie zum Beispiel die Notwendigkeit von Datenschutzmaßnahmen und der sogenannten ""Künstlichen Intelligenz-Paradox"" – einer Hypothese, dass KI-Systeme möglicherweise nicht mehr ""intelligent"" sind, wenn sie ihre eigenen Ziele entwickeln.",18.61650061607361,2.8778518,173,9.292831320330453
deepseek-r1:1.5b,Code-Generierung,"Schreibe eine einfache Python-Funktion, die prüft, ob eine Zahl gerade ist.","<think>
Okay, ich muss eine simple Python-Funktion erstellen, die prüft, ob eine Zahl gerade ist. Mir geht es um den Begriff der geraden Zahl, was bedeutet, dass die Number geteilt durch 2 ohneRest bleibt. Also, die Zahlen like 0, 2, 4, etc., sind gerade.

Ich denke mal, wie man die Division in Python performiert. Sieht like (number % 2) == 0 so aus. Das bedeutet, ich muss eine Variable einbetten, die die Zahl holdert. Then stelle ich eine Division durch 2 und checke ob der Rest 0 ist.

Also die Funktion erfordert die Eingabe als Parameter, da man eine Zahl vorausgesetzt hat. So definiere ich die Funktion mit def check_even(number):. Dan erhalte ich den Input via input(), um es zu converten in eine Zahlen variablen. Setze ich also number = int(input()), dan erhalte ich das onzeuge integer, was man braucht.

Nun setze ich die Zahlen variable ein und performe die Division. So ergibt sich (number % 2) == 0. Wenn der Rest 0 ist, ist die Zahl gerade. Also return true oder False an die Variable, die ich verwendet.

Ich verstehe, dass man auch mit den Begriffen like 'even' or 'odd' mouthen. Der Begriff even ist der bedingung, ob eine Zahl gerade ist. So ist 4 gerade und 5 ungerade. Also muss ich die Funktion auch für geradzahlen eintippen.

Ich verstehe, dass die Funktionnessness ein Test mit ein spezifischer Beispiel voraussetzt. Beispielsweise input(), um die Zahl zu ermitteln. Also muss man das Input in eine Variable transponieren.

Ich überprüfe mal, ob ich den Begriff even hat, weil die Benennung berücksichtigt, ob die Zahlen durch 2 geteilt werden. So, also definiere ich die Funktion und setze den Begriff into dem Code in eine variable.

Also füge ich den Begriff in der Syntax ein, um zu v orders den onzeuge code zu sinnvoll darzustellen. So, def check_even(number): number = int(input()), remainder = number % 2, return remainder == 0.

Ich verstehe, dass die Funktion active ist und es returns True oder False an die variablen variable. Also teste ich die Function, z.B., mit der Zahl 4, ob er retter 0 zurückgibt, d.h. 4 ist gerade. Und mit 5, ob er retter 1.

Ich verstehe, dass die Funktionness und die Benennung des Begriffs even korrekt arent, da man es in den Code ein blickt, um das onzeuge tozen zu sinnvoll darzustellen. Also hat ich den Begriff in der Syntax ein, um die onzeuge test fürgeradzahlen zu veransetzen.

Also ist die Funktion definiert und funktioniert korrekt. Sie prüft einfach, ob eine Zahl durch 2 geteilt werden kann, wenn der Rest 0 ist. So erledigt die Person, um zu bestimmen, ob eine Zahl gerade ist.
</think>

 hier ist ein einfacher Python-Funktion, das prüft, ob eine Zahl gerade ist:

```python
def check_even(number):
    return number % 2 == 0
```

 `- Der Parameter `number` ist requirementsprägend, um die Zahl zu ermitteln.`
- `- `number % 2 == 0`certificirt, dass die Zahl gerade ist.`
- `- Die Funktion return true oder False an die variablen variable, um den Output zu viewen.`
- `- `- `- `- `- `- `- `- `- `- `- `- `- `- `- `- `- `- `- `- `- `- `- `- `- `- `- `- `- `- `-",35.9765305519104,0.0,0,0.0
llama3.2,Code-Generierung,"Schreibe eine einfache Python-Funktion, die prüft, ob eine Zahl gerade ist.","Hier ist ein einfaches Beispiel für eine Python-Funktion, die prüft, ob eine Zahl gerade ist:

```python
def ist_grau(n):
    """"""
    Überprüft, ob eine Zahl gerade ist.

    Args:
        n (int): Die Zahl zu überprüfen.

    Returns:
        bool: True, wenn die Zahl gerade ist, False andernfalls.
    """"""
    return n % 2 == 0

# Beispiel für die Verwendung der Funktion
print(ist_grau(4))   # Ausgabe: True
print(ist_grau(5))   # Ausgabe: False
```

In dieser Funktion wird das Modulo-Operationen verwendet, um den Rest einer Division durch 2 zu ermitteln. Wenn der Rest 0 ist, dann ist die Zahl gerade.",15.197253227233887,0.0323456,172,11.317834705272356
deepseek-r1:1.5b,Fakten-Wissen,Was ist der Unterschied zwischen ML und AI? Kurze Antwort.,"<think>
Okay, I need to explain the difference between Machine Learning and Artificial Intelligence in simple terms. Let me start by breaking down what each term means.

Machine Learning is like teaching machines through data so they can make predictions or decisions without being explicitly programmed. It's more about improving models based on past experiences.

On the other hand, Artificial Intelligence (AI) involves creating systems that perform tasks that typically require human intelligence, such as understanding language, seeing images, or recognizing patterns. AI aims to replicate human intelligence through machines, while ML focuses specifically on learning from data.

So I should clarify that ML is a subset of AI but isn't just any AI; it's specifically about the aspect where the machine learns from information without being told what to do.
</think>

ML (Machine Learning) and AI (Artificial Intelligence) are related but distinct concepts. Here's a simple comparison:

**Machine Learning:**
- Focuses on training models based on data patterns.
- Uses algorithms to improve predictions or classifications as they process data.
- It doesn't involve creating systems that perform tasks requiring human intelligence.

**Artificial Intelligence:**
- Involves developing machines that can perform tasks typically associated with intelligent life, such as perception, decision-making, learning, and problem-solving.
- Aims to replicate human intelligence through machines.

In essence, ML is a subset of AI, focusing specifically on the aspect of machine learning where systems learn from data.",13.1753089427948,0.0243947,290,22.01086906266382
llama3.2,Fakten-Wissen,Was ist der Unterschied zwischen ML und AI? Kurze Antwort.,"Der Unterschied zwischen Machine Learning (ML) und Artificial Intelligence (AI) liegt darin:

- **Machines Learning (ML):** Eine Subdomäne der künstlichen Intelligenz, bei der Maschinen aus Daten gelernt können und verbessert werden.
- **Artificial Intelligence (AI):** Ein umfassender Begriff für die künstliche Nachahmung menschlicher Fähigkeiten, einschließlich Lernen, Entscheidungsfinden und Sprachverständnis.",10.819547176361084,0.0189032,111,10.259209391176425
